{
  "name": "plainoverlay",
  "version": "0.8.3",
  "title": "plainOverlay",
  "description": "The simple jQuery Plugin for customizable overlay which covers a page, elements or iframe-windows that is specified.",
  "keywords": [
    "overlay",
    "busy",
    "loading",
    "form",
    "input",
    "progress",
    "ui",
    "simple",
    "customizable",
    "iframe",
    "window"
  ],
  "dependencies": {
    "jquery": ">=1.8"
  },
  "homepage": "https://anseki.github.io/jquery-plainoverlay/",
  "docs": "https://anseki.github.io/jquery-plainoverlay/",
  "download": "https://anseki.github.io/jquery-plainoverlay/",
  "bugs": "https://github.com/anseki/jquery-plainoverlay/issues",
  "licenses": "MIT",
  "author": {
    "name": "anseki",
    "url": "https://github.com/anseki"
  }
}
